Alabama,AL,Montgomery,Camellia,194696
Alaska,AK,Juneau,Forget-me-not,31317
Arizona,AZ,Phoenix,Saguaro Cactus Blossom,1664896
Arkansas,AR,Little Rock,Apple Blossom,200546
California,CA,Sacramento,California Poppy,529946
Colorado,CO,Denver,Rocky Mountain Columbine,693279
Connecticut,CT,Hartford,Mountain Laurel,119440
Delaware,DE,Dover,Peach Blossom,37354
Florida,FL,Tallahassee,Orange Blossom,199400
Georgia,GA,Atlanta,Cherokee Rose,487203
Hawaii,HI,Honolulu,Hibiscus,332954
Idaho,ID,Boise,Syringa,242363
Illinois,IL,Springfield,Violet,110879
Indiana,IN,Indianapolis,Peony,866202
Iowa,IA,Des Moines,Wild Rose,207105
Kansas,KS,Topeka,Sunflower,125049
Kentucky,KY,Frankfort,Goldenrod,28487
Louisiana,LA,Baton Rouge,Magnolia,215440
Maine,ME,Augusta,White Pine,19103
Maryland,MD,Annapolis,Black-eyed Susan,40253
Massachusetts,MA,Boston,Mayflower,599606
Michigan,MI,Lansing,Apple Blossom,112348
Minnesota,MN,St. Paul,Pink and White Lady's Slipper,296215
Mississippi,MS,Jackson,Magnolia,140874
Missouri,MO,Jefferson City,Hawthorn,42417
Montana,MT,Helena,Bitterroot,35503
Nebraska,NE,Lincoln,Goldenrod,296513
Nevada,NV,Carson City,Sagebrush,59951
New Hampshire,NH,Concord,Purple Lilac,44909
New Jersey,NJ,Trenton,Purple Violet,89844
New Mexico,NM,Santa Fe,Yucca,89738
New York,NY,Albany,Rose,97085
North Carolina,NC,Raleigh,Dogwood,474258
North Dakota,ND,Bismarck,Wild Prairie Rose,75545
Ohio,OH,Columbus,Scarlet Carnation,908534
Oklahoma,OK,Oklahoma City,Oklahoma Rose,702837
Oregon,OR,Salem,Oregon Grape,183600
Pennsylvania,PA,Harrisburg,Mountain Laurel,50333
Rhode Island,RI,Providence,Violet,188471
South Carolina,SC,Columbia,Yellow Jessamine,138224
South Dakota,SD,Pierre,Pasque Flower,13931
Tennessee,TN,Nashville,Iris,648591
Texas,TX,Austin,Bluebonnet,967351
Utah,UT,Salt Lake City,Sego Lily,203175
Vermont,VT,Montpelier,Red Clover,7981
Virginia,VA,Richmond,American Dogwood,226406
Washington,WA,Olympia,Western Rhododendron,56808
West Virginia,WV,Charleston,Rhododendron,46043
Wisconsin,WI,Madison,Wood Violet,270248
Wyoming,WY,Cheyenne,Indian Paintbrush,64722